[
    {
        "id": 1218273,
        "haspromotionTag": false,
        "img": "http://p1.meituan.net/w.h/movie/967b253953bc7e660cfadbf9d78f67b62852693.jpg",
        "version": "v2d imax",
        "nm": "误杀",
        "preShow": false,
        "sc": 9.5,
        "globalReleased": true,
        "wish": 40632,
        "star": "肖央,谭卓,陈冲",
        "rt": "2019-12-13",
        "showInfo": "今天215家影院放映1659场",
        "showst": 3,
        "wishst": 0
    },
    {
        "id": 1214142,
        "haspromotionTag": false,
        "img": "http://p1.meituan.net/w.h/moviemachine/979531e95cace9abb4c6b74c6a0fdd486176654.jpg",
        "version": "v3d",
        "nm": "变身特工",
        "preShow": false,
        "sc": 9.2,
        "globalReleased": true,
        "wish": 14152,
        "star": "威尔·史密斯,汤姆·赫兰德,凯伦·吉兰",
        "rt": "2020-01-03",
        "showInfo": "今天193家影院放映997场",
        "showst": 3,
        "wishst": 0
    },
    {
        "id": 1217023,
        "haspromotionTag": false,
        "img": "http://p0.meituan.net/w.h/movie/b0e0d6ce9914f37e7f9f6ade13e096342721150.jpg",
        "version": "v2d imax",
        "nm": "唐人街探案3",
        "preShow": false,
        "sc": 0,
        "globalReleased": false,
        "wish": 1782276,
        "star": "王宝强,刘昊然,妻夫木聪",
        "rt": "2020-01-25",
        "showInfo": "2020-01-25 下周六上映",
        "showst": 4,
        "wishst": 0
    },
    {
        "id": 1279731,
        "haspromotionTag": false,
        "img": "http://p0.meituan.net/w.h/moviemachine/36eda496688542263d9a0f02ac728327823369.jpg",
        "version": "",
        "nm": "宠爱",
        "preShow": false,
        "sc": 8.9,
        "globalReleased": true,
        "wish": 294938,
        "star": "于和伟,吴磊,张子枫",
        "rt": "2019-12-31",
        "showInfo": "今天216家影院放映1479场",
        "showst": 3,
        "wishst": 0
    },
    {
        "id": 1217123,
        "haspromotionTag": false,
        "img": "http://p0.meituan.net/w.h/moviemachine/6d175dd08812a4ff3f048f7b7e4ed449405105.jpg",
        "version": "",
        "nm": "夺冠",
        "preShow": false,
        "sc": 0,
        "globalReleased": false,
        "wish": 322679,
        "star": "巩俐,黄渤,吴刚",
        "rt": "2020-01-25",
        "showInfo": "今天1家影院放映18场",
        "showst": 4,
        "wishst": 0
    },
    {
        "id": 1190122,
        "haspromotionTag": false,
        "img": "http://p0.meituan.net/w.h/movie/a3d6ca3bdd5b0ddd7016acff9a9f2f2e2805813.jpg",
        "version": "",
        "nm": "叶问4：完结篇",
        "preShow": false,
        "sc": 9.4,
        "globalReleased": true,
        "wish": 295118,
        "star": "甄子丹,吴樾,吴建豪",
        "rt": "2019-12-20",
        "showInfo": "今天212家影院放映1411场",
        "showst": 3,
        "wishst": 0
    },
    {
        "id": 1211269,
        "haspromotionTag": false,
        "img": "http://p0.meituan.net/w.h/movie/3dc44919f0917b5823c867813f29fba42625689.jpg",
        "version": "v3d",
        "nm": "姜子牙",
        "preShow": false,
        "sc": 0,
        "globalReleased": false,
        "wish": 740262,
        "star": "郑希,杨凝,图特哈蒙",
        "rt": "2020-01-25",
        "showInfo": "2020-01-25 下周六上映",
        "showst": 4,
        "wishst": 0
    },
    {
        "id": 1250696,
        "haspromotionTag": false,
        "img": "http://p0.meituan.net/w.h/movie/81c3e34d684408383e4022dadfd7f269923526.jpg",
        "version": "v2d imax",
        "nm": "囧妈",
        "preShow": false,
        "sc": 0,
        "globalReleased": false,
        "wish": 443202,
        "star": "徐峥,黄梅莹,袁泉",
        "rt": "2020-01-25",
        "showInfo": "2020-01-25 下周六上映",
        "showst": 4,
        "wishst": 0
    },
    {
        "id": 1220983,
        "haspromotionTag": false,
        "img": "http://p0.meituan.net/w.h/movie/584224ba10e6a450ad8d8ef35e22b8cd369031.jpg",
        "version": "",
        "nm": "动物特工局",
        "preShow": false,
        "sc": 8.8,
        "globalReleased": true,
        "wish": 47514,
        "star": "姜广涛,马正阳,韩啸",
        "rt": "2020-01-11",
        "showInfo": "今天172家影院放映517场",
        "showst": 3,
        "wishst": 0
    },
    {
        "id": 1206381,
        "haspromotionTag": false,
        "img": "http://p0.meituan.net/w.h/movie/cb6cccf0a8231196b27f7e25fe5d51192325214.jpg",
        "version": "",
        "nm": "灭绝",
        "preShow": false,
        "sc": 7.2,
        "globalReleased": true,
        "wish": 17380,
        "star": "迈克尔·佩纳,丽兹·卡潘,艾玛·布斯",
        "rt": "2020-01-18",
        "showInfo": "今天179家影院放映757场",
        "showst": 3,
        "wishst": 0
    },
    {
        "id": 461076,
        "haspromotionTag": false,
        "img": "http://p0.meituan.net/w.h/moviemachine/c535075d2e8d90f472eee3540df3d8495119065.jpg",
        "version": "v2d imax",
        "nm": "紧急救援",
        "preShow": false,
        "sc": 0,
        "globalReleased": false,
        "wish": 386600,
        "star": "彭于晏,王彦霖,辛芷蕾",
        "rt": "2020-01-25",
        "showInfo": "2020-01-25 下周六上映",
        "showst": 4,
        "wishst": 0
    },
    {
        "id": 1216053,
        "haspromotionTag": false,
        "img": "http://p1.meituan.net/w.h/movie/71b7a12c075f891c3ca75f32e91dff7f491189.jpg",
        "version": "v3d imax",
        "nm": "急先锋",
        "preShow": false,
        "sc": 0,
        "globalReleased": false,
        "wish": 151257,
        "star": "成龙,杨洋,艾伦",
        "rt": "2020-01-25",
        "showInfo": "2020-01-25 下周六上映",
        "showst": 4,
        "wishst": 0
    },
    {
        "id": 1228869,
        "haspromotionTag": false,
        "img": "http://p0.meituan.net/w.h/movie/9064b787a533d85fa2d2f8ad486351861051512.jpg",
        "version": "",
        "nm": "半个喜剧",
        "preShow": false,
        "sc": 9,
        "globalReleased": true,
        "wish": 34803,
        "star": "任素汐,吴昱翰,刘迅",
        "rt": "2019-12-20",
        "showInfo": "今天118家影院放映380场",
        "showst": 3,
        "wishst": 0,
        "comingTitle": "2019年12月20日 周五"
    },
    {
        "id": 247949,
        "haspromotionTag": false,
        "img": "http://p0.meituan.net/w.h/moviemachine/58ee13be6dc60bf5e636cf915bbbaaa55787785.jpg",
        "version": "v3d imax",
        "nm": "冰雪奇缘2",
        "preShow": false,
        "sc": 8.9,
        "globalReleased": true,
        "wish": 204361,
        "star": "克里斯汀·贝尔,乔什·加德,伊迪娜·门泽尔",
        "rt": "2019-11-22",
        "showInfo": "今天103家影院放映312场",
        "showst": 3,
        "wishst": 0,
        "comingTitle": "2019年11月22日 周五"
    },
    {
        "id": 1281095,
        "haspromotionTag": false,
        "img": "http://p0.meituan.net/w.h/movie/37e835fdaf68e48dd002b6757374251d6793835.jpg",
        "version": "",
        "nm": "紫罗兰永恒花园 外传：永远与自动手记人偶",
        "preShow": false,
        "sc": 9.3,
        "globalReleased": true,
        "wish": 75947,
        "star": "石川由依,茅原实里,远藤绫",
        "rt": "2020-01-10",
        "showInfo": "今天165家影院放映473场",
        "showst": 3,
        "wishst": 0,
        "comingTitle": "1月10日 周五"
    },
    {
        "id": 1303,
        "haspromotionTag": false,
        "img": "http://p1.meituan.net/w.h/movie/580d81a2c78bf204f45323ddb4244b6c6821175.jpg",
        "version": "",
        "nm": "美丽人生",
        "preShow": false,
        "sc": 9.4,
        "globalReleased": true,
        "wish": 19975,
        "star": "罗伯托·贝尼尼,尼可莱塔·布拉斯基,乔治·坎塔里尼",
        "rt": "2020-01-03",
        "showInfo": "今天159家影院放映535场",
        "showst": 3,
        "wishst": 0,
        "comingTitle": "1月3日 周五"
    },
    {
        "id": 1298938,
        "haspromotionTag": false,
        "img": "http://p0.meituan.net/w.h/moviemachine/ea2f020406b22f6c66a1004087f434e051195.jpg",
        "version": "v3d",
        "nm": "熊出没·狂野大陆",
        "preShow": false,
        "sc": 0,
        "globalReleased": false,
        "wish": 135311,
        "star": "张秉君,谭笑,张伟",
        "rt": "2020-01-25",
        "showInfo": "2020-01-25 下周六上映",
        "showst": 4,
        "wishst": 0,
        "comingTitle": "1月25日 周六"
    },
    {
        "id": 1219754,
        "haspromotionTag": false,
        "img": "http://p1.meituan.net/w.h/movie/54c4bfe5bbd82023b77844ed10d4e9ec1948884.jpg",
        "version": "",
        "nm": "鲨海逃生",
        "preShow": false,
        "sc": 7.4,
        "globalReleased": true,
        "wish": 32671,
        "star": "苏菲·奈丽丝,科琳·福克斯,尼娅·朗",
        "rt": "2020-01-10",
        "showInfo": "今天168家影院放映471场",
        "showst": 3,
        "wishst": 0,
        "comingTitle": "1月10日 周五"
    },
    {
        "id": 418207,
        "haspromotionTag": false,
        "img": "http://p0.meituan.net/w.h/movie/4d5320092c02a4c833a1ce84f17b04b2811039.jpg",
        "version": "",
        "nm": "理查德·朱维尔的哀歌",
        "preShow": false,
        "sc": 9.1,
        "globalReleased": true,
        "wish": 2924,
        "star": "保罗·沃尔特·豪泽,山姆·洛克威尔,凯西·贝茨",
        "rt": "2020-01-10",
        "showInfo": "今天81家影院放映216场",
        "showst": 3,
        "wishst": 0,
        "comingTitle": "1月10日 周五"
    },
    {
        "id": 1196202,
        "haspromotionTag": false,
        "img": "http://p0.meituan.net/w.h/movie/6f1881b0a1a3f2dd0478f2a68edec8d2966760.jpg",
        "version": "",
        "nm": "天使陷落",
        "preShow": false,
        "sc": 8.9,
        "globalReleased": true,
        "wish": 18012,
        "star": "杰拉德·巴特勒,摩根·弗里曼,贾达·萍克·史密斯",
        "rt": "2019-12-31",
        "showInfo": "今天90家影院放映214场",
        "showst": 3,
        "wishst": 0,
        "comingTitle": "2019年12月31日 周二"
    },
    {
        "id": 1201272,
        "haspromotionTag": false,
        "img": "http://p0.meituan.net/w.h/movie/d5fa35544ee02e453afcad292f620f342257176.jpg",
        "version": "",
        "nm": "为家而战",
        "preShow": false,
        "sc": 6.8,
        "globalReleased": true,
        "wish": 37992,
        "star": "佛罗伦斯·珀,道恩·强森,杰克·劳登",
        "rt": "2020-01-10",
        "showInfo": "今天76家影院放映193场",
        "showst": 3,
        "wishst": 0,
        "comingTitle": "1月10日 周五"
    },
    {
        "id": 443387,
        "haspromotionTag": false,
        "img": "http://p0.meituan.net/w.h/moviemachine/a16716ff2873be37857add59f882e44d5071965.jpg",
        "version": "v3d imax",
        "nm": "星球大战：天行者崛起",
        "preShow": false,
        "sc": 7.7,
        "globalReleased": true,
        "wish": 66461,
        "star": "凯丽·费雪,马克·哈米尔,亚当·德赖弗",
        "rt": "2019-12-20",
        "showInfo": "今天64家影院放映184场",
        "showst": 3,
        "wishst": 0,
        "comingTitle": "2019年12月20日 周五"
    },
    {
        "id": 1255359,
        "haspromotionTag": false,
        "img": "http://p0.meituan.net/w.h/movie/016624a3033584603ca83e3ae95157592058232.jpg",
        "version": "",
        "nm": "别告诉她",
        "preShow": false,
        "sc": 8.4,
        "globalReleased": true,
        "wish": 16406,
        "star": "奥卡菲娜,赵淑珍,马泰",
        "rt": "2020-01-10",
        "showInfo": "今天53家影院放映128场",
        "showst": 3,
        "wishst": 0,
        "comingTitle": "1月10日 周五"
    },
    {
        "id": 1297995,
        "haspromotionTag": false,
        "img": "http://p0.meituan.net/w.h/movie/aa10dea915717372fc0b36bc75a4a5a92888124.jpg",
        "version": "",
        "nm": "只有芸知道",
        "preShow": false,
        "sc": 8.4,
        "globalReleased": true,
        "wish": 45227,
        "star": "黄轩,杨采钰,徐帆",
        "rt": "2019-12-20",
        "showInfo": "今天54家影院放映103场",
        "showst": 3,
        "wishst": 0,
        "comingTitle": "2019年12月20日 周五"
    },
    {
        "id": 1284594,
        "haspromotionTag": false,
        "img": "http://p0.meituan.net/w.h/movie/326fb54acb9c4feab45f1f3988568e571769525.jpg",
        "version": "",
        "nm": "我为你牺牲",
        "preShow": false,
        "sc": 0,
        "globalReleased": true,
        "wish": 3772,
        "star": "李琦,国永振,陈姝",
        "rt": "2019-12-05",
        "showInfo": "今天41家影院放映79场",
        "showst": 3,
        "wishst": 0,
        "comingTitle": "2019年12月5日 周四"
    },
    {
        "id": 1302015,
        "haspromotionTag": false,
        "img": "http://p0.meituan.net/w.h/movie/4bf6de3489285d56a42044cd36791fea4233338.jpg",
        "version": "v3d",
        "nm": "士兵顺溜：兵王争锋",
        "preShow": false,
        "sc": 0,
        "globalReleased": true,
        "wish": 6651,
        "star": "李正翔,李晔,胡谦",
        "rt": "2020-01-17",
        "showInfo": "今天45家影院放映75场",
        "showst": 3,
        "wishst": 0,
        "comingTitle": "1月17日 周五"
    },
    {
        "id": 1213293,
        "haspromotionTag": false,
        "img": "http://p1.meituan.net/w.h/movie/c19886cbc8a2712674951a4664effe2d461360.jpg",
        "version": "",
        "nm": "小羊肖恩2：末日农场",
        "preShow": false,
        "sc": 8.8,
        "globalReleased": true,
        "wish": 9336,
        "star": "贾斯汀·弗莱彻,约翰·斯帕克斯,安迪·尼曼",
        "rt": "2019-12-28",
        "showInfo": "今天38家影院放映65场",
        "showst": 3,
        "wishst": 0,
        "comingTitle": "2019年12月28日 周六"
    },
    {
        "id": 1298827,
        "haspromotionTag": false,
        "img": "http://p0.meituan.net/w.h/moviemachine/718b092ea60a6ff210d6026319dd1ef46836867.jpg",
        "version": "",
        "nm": "亲爱的新年好",
        "preShow": false,
        "sc": 7.8,
        "globalReleased": true,
        "wish": 84039,
        "star": "白百何,张子枫,魏大勋",
        "rt": "2019-12-31",
        "showInfo": "今天20家影院放映31场",
        "showst": 3,
        "wishst": 0,
        "comingTitle": "2019年12月31日 周二"
    },
    {
        "id": 1237279,
        "haspromotionTag": false,
        "img": "http://p1.meituan.net/w.h/movie/e6a78a25fcc66f8bd6ac58c66ce305151928945.jpg",
        "version": "",
        "nm": "特警队",
        "preShow": false,
        "sc": 8.5,
        "globalReleased": true,
        "wish": 32176,
        "star": "凌潇肃,贾乃亮,金晨",
        "rt": "2019-12-27",
        "showInfo": "今天23家影院放映52场",
        "showst": 3,
        "wishst": 0,
        "comingTitle": "2019年12月27日 周五"
    },
    {
        "id": 1258163,
        "haspromotionTag": false,
        "img": "http://p0.meituan.net/w.h/movie/dd488887e8a1c8ab4723eee4026d25aa1973142.jpg",
        "version": "",
        "nm": "利刃出鞘",
        "preShow": false,
        "sc": 8.8,
        "globalReleased": true,
        "wish": 32096,
        "star": "丹尼尔·克雷格,安娜·德·阿玛斯,克里斯·埃文斯",
        "rt": "2019-11-29",
        "showInfo": "今天18家影院放映37场",
        "showst": 3,
        "wishst": 0,
        "comingTitle": "2019年11月29日 周五"
    },
    {
        "id": 1203046,
        "haspromotionTag": false,
        "img": "http://p1.meituan.net/w.h/moviemachine/3e8ec372564f86db6105eb1aa95094ef1926569.png",
        "version": "",
        "nm": "坂本龙一：终曲",
        "preShow": false,
        "sc": 9.3,
        "globalReleased": true,
        "wish": 8805,
        "star": "坂本龙一",
        "rt": "2019-12-16",
        "showInfo": "今天6家影院放映12场",
        "showst": 3,
        "wishst": 0,
        "comingTitle": "2019年12月16日 周一"
    },
    {
        "id": 341823,
        "haspromotionTag": false,
        "img": "http://p0.meituan.net/w.h/movie/a6b1d181d4d682ff6fb93677f9d62601221268.jpg",
        "version": "v3d",
        "nm": "罗宾汉：起源",
        "preShow": false,
        "sc": 8.5,
        "globalReleased": true,
        "wish": 21657,
        "star": "塔伦·埃格顿,杰米·福克斯,本·门德尔森",
        "rt": "2019-12-27",
        "showInfo": "今天4家影院放映9场",
        "showst": 3,
        "wishst": 0,
        "comingTitle": "2019年12月27日 周五"
    }
]