[
    {
        "id": 489894,
        "img": "http://p0.meituan.net/w.h/movie/57670d40ec61db53962f61603e5b360b770739.jpg",
        "wish": 60084,
        "wishst": 0,
        "nm": "我在时间尽头等你",
        "comingTitle": "2月14日 周五"
    },
    {
        "id": 342867,
        "img": "http://p0.meituan.net/w.h/movie/d2a9eefa21c6031a9ea51f08872aff8f17244972.jpg",
        "wish": 52158,
        "wishst": 0,
        "nm": "源·彩虹",
        "comingTitle": "2月7日 周五"
    },
    {
        "id": 1230199,
        "img": "http://p0.meituan.net/w.h/movie/f09d25b5dc2d0080fa93db9ffaaf4c5a6389423.jpg",
        "wish": 41648,
        "wishst": 0,
        "nm": "小妇人",
        "comingTitle": "2月14日 周五"
    },
    {
        "id": 1233316,
        "img": "http://p1.meituan.net/w.h/movie/3ac5a0f8be92e9a212ff85172f1146814188075.jpg",
        "wish": 36996,
        "wishst": 0,
        "nm": "忠爱无言2",
        "comingTitle": "3月20日 周五"
    },
    {
        "id": 342485,
        "img": "http://p1.meituan.net/w.h/moviemachine/1c5f6661ceb721d741d5335cf2ecfce2257594.jpg",
        "wish": 34282,
        "wishst": 0,
        "nm": "抵达之谜",
        "comingTitle": "2月14日 周五"
    },
    {
        "id": 1286060,
        "img": "http://p0.meituan.net/w.h/movie/077f41ce44d059a01288e0d7bf704f9f1642095.jpg",
        "wish": 26956,
        "wishst": 0,
        "nm": "玩命三日",
        "comingTitle": "2月14日 周五"
    },
    {
        "id": 1282454,
        "img": "http://p1.meituan.net/w.h/movie/258bfc30cec1e20070697ab090dfcc052620540.jpg",
        "wish": 25313,
        "wishst": 0,
        "nm": "血鲨",
        "comingTitle": "2月14日 周五"
    },
    {
        "id": 1298349,
        "img": "http://p0.meituan.net/w.h/movie/02966adeb1d52f089927c9664a590b442084261.jpg",
        "wish": 23833,
        "wishst": 0,
        "nm": "贝肯熊2：金牌特工",
        "comingTitle": "2月8日 周六"
    },
    {
        "id": 1241850,
        "img": "http://p1.meituan.net/w.h/moviemachine/e1310fb4b0e0a98775acd6cd192808f6589939.jpg",
        "wish": 19179,
        "wishst": 0,
        "nm": "海兽之子",
        "comingTitle": "2月14日 周五"
    },
    {
        "id": 1250661,
        "img": "http://p0.meituan.net/w.h/movie/77cd1ff6a5dfac7ffe7e5808e5e018413982248.jpg",
        "wish": 15963,
        "wishst": 0,
        "nm": "消失的木偶",
        "comingTitle": "3月20日 周五"
    }
]