[
    {
        "id": 1302399,
        "haspromotionTag": false,
        "img": "http://p0.meituan.net/w.h/movie/0616c057d318188da6cf9e774e5f60832772059.jpg",
        "version": "",
        "nm": "红月亮森林",
        "preShow": false,
        "sc": 0,
        "globalReleased": false,
        "wish": 1654,
        "star": "袁伟龙,赵熙元,孙悠然",
        "rt": "2020-01-20",
        "showInfo": "2020-01-20 下周一上映",
        "showst": 4,
        "wishst": 0,
        "comingTitle": "1月20日 周一"
    },
    {
        "id": 1217023,
        "haspromotionTag": false,
        "img": "http://p0.meituan.net/w.h/movie/b0e0d6ce9914f37e7f9f6ade13e096342721150.jpg",
        "version": "v2d imax",
        "nm": "唐人街探案3",
        "preShow": false,
        "sc": 0,
        "globalReleased": false,
        "wish": 1782276,
        "star": "王宝强,刘昊然,妻夫木聪",
        "rt": "2020-01-25",
        "showInfo": "2020-01-25 下周六上映",
        "showst": 4,
        "wishst": 0,
        "comingTitle": "1月25日 周六"
    },
    {
        "id": 1211269,
        "haspromotionTag": false,
        "img": "http://p0.meituan.net/w.h/movie/3dc44919f0917b5823c867813f29fba42625689.jpg",
        "version": "v3d",
        "nm": "姜子牙",
        "preShow": false,
        "sc": 0,
        "globalReleased": false,
        "wish": 740380,
        "star": "郑希,杨凝,图特哈蒙",
        "rt": "2020-01-25",
        "showInfo": "2020-01-25 下周六上映",
        "showst": 4,
        "wishst": 0,
        "comingTitle": "1月25日 周六"
    },
    {
        "id": 1250696,
        "haspromotionTag": false,
        "img": "http://p0.meituan.net/w.h/movie/81c3e34d684408383e4022dadfd7f269923526.jpg",
        "version": "v2d imax",
        "nm": "囧妈",
        "preShow": false,
        "sc": 0,
        "globalReleased": false,
        "wish": 443202,
        "star": "徐峥,黄梅莹,袁泉",
        "rt": "2020-01-25",
        "showInfo": "2020-01-25 下周六上映",
        "showst": 4,
        "wishst": 0,
        "comingTitle": "1月25日 周六"
    },
    {
        "id": 461076,
        "haspromotionTag": false,
        "img": "http://p0.meituan.net/w.h/moviemachine/c535075d2e8d90f472eee3540df3d8495119065.jpg",
        "version": "v2d imax",
        "nm": "紧急救援",
        "preShow": false,
        "sc": 0,
        "globalReleased": false,
        "wish": 386647,
        "star": "彭于晏,王彦霖,辛芷蕾",
        "rt": "2020-01-25",
        "showInfo": "2020-01-25 下周六上映",
        "showst": 4,
        "wishst": 0,
        "comingTitle": "1月25日 周六"
    },
    {
        "id": 1217123,
        "haspromotionTag": false,
        "img": "http://p0.meituan.net/w.h/moviemachine/6d175dd08812a4ff3f048f7b7e4ed449405105.jpg",
        "version": "",
        "nm": "夺冠",
        "preShow": false,
        "sc": 0,
        "globalReleased": false,
        "wish": 322725,
        "star": "巩俐,黄渤,吴刚",
        "rt": "2020-01-25",
        "showInfo": "今天1家影院放映18场",
        "showst": 4,
        "wishst": 0,
        "comingTitle": "1月25日 周六"
    },
    {
        "id": 1216053,
        "haspromotionTag": false,
        "img": "http://p1.meituan.net/w.h/movie/71b7a12c075f891c3ca75f32e91dff7f491189.jpg",
        "version": "v3d imax",
        "nm": "急先锋",
        "preShow": false,
        "sc": 0,
        "globalReleased": false,
        "wish": 151257,
        "star": "成龙,杨洋,艾伦",
        "rt": "2020-01-25",
        "showInfo": "2020-01-25 下周六上映",
        "showst": 4,
        "wishst": 0,
        "comingTitle": "1月25日 周六"
    },
    {
        "id": 1298938,
        "haspromotionTag": false,
        "img": "http://p0.meituan.net/w.h/moviemachine/ea2f020406b22f6c66a1004087f434e051195.jpg",
        "version": "v3d",
        "nm": "熊出没·狂野大陆",
        "preShow": false,
        "sc": 0,
        "globalReleased": false,
        "wish": 135311,
        "star": "张秉君,谭笑,张伟",
        "rt": "2020-01-25",
        "showInfo": "2020-01-25 下周六上映",
        "showst": 4,
        "wishst": 0,
        "comingTitle": "1月25日 周六"
    },
    {
        "id": 342867,
        "haspromotionTag": false,
        "img": "http://p0.meituan.net/w.h/movie/85a5717821e7b4a848533c3494cc06202048234.jpg",
        "version": "v3d",
        "nm": "源·彩虹",
        "preShow": false,
        "sc": 0,
        "globalReleased": false,
        "wish": 49871,
        "star": "吴磊,陈乔恩,钟丽缇",
        "rt": "2020-01-25",
        "showst": 1,
        "wishst": 0,
        "comingTitle": "1月25日 周六"
    },
    {
        "id": 1283276,
        "haspromotionTag": false,
        "img": "http://p0.meituan.net/w.h/movie/740682183b0f4186cf4bb7b1e3aed50f3043357.jpg",
        "version": "",
        "nm": "大红包",
        "preShow": false,
        "sc": 0,
        "globalReleased": false,
        "wish": 25400,
        "star": "包贝尔,克拉拉,贾冰",
        "rt": "2020-01-25",
        "showst": 1,
        "wishst": 0,
        "comingTitle": "1月25日 周六"
    },
    {
        "id": 1302281,
        "haspromotionTag": false,
        "img": "http://p0.meituan.net/w.h/moviemachine/1d2b4985d0187b437d41a73994ba2e191607376.jpg",
        "version": "",
        "nm": "奇妙王国之魔法奇缘",
        "preShow": false,
        "sc": 0,
        "globalReleased": false,
        "wish": 2706,
        "star": "卢瑶,张洋,陈新玥",
        "rt": "2020-01-26",
        "showst": 1,
        "wishst": 0,
        "comingTitle": "1月26日 周日"
    },
    {
        "id": 1302405,
        "haspromotionTag": false,
        "img": "http://p1.meituan.net/w.h/movie/81fe2197ef930c79624a28cc76c423835264620.png",
        "version": "",
        "nm": "小公主艾薇拉与神秘王国2",
        "preShow": false,
        "sc": 0,
        "globalReleased": false,
        "wish": 2129,
        "rt": "2020-01-27",
        "showst": 1,
        "wishst": 0,
        "comingTitle": "1月27日 周一"
    },
    {
        "id": 248908,
        "haspromotionTag": false,
        "img": "http://p0.meituan.net/w.h/movie/784ddad44b846d010aa51f728ed62c2f586231.jpg",
        "version": "",
        "nm": "直立象传说",
        "preShow": false,
        "sc": 0,
        "globalReleased": false,
        "wish": 342,
        "star": "杨轶,张磊,林强",
        "rt": "2020-02-07",
        "showst": 1,
        "wishst": 0,
        "comingTitle": "2月7日 周五"
    },
    {
        "id": 1298349,
        "haspromotionTag": false,
        "img": "http://p0.meituan.net/w.h/movie/02966adeb1d52f089927c9664a590b442084261.jpg",
        "version": "",
        "nm": "贝肯熊2：金牌特工",
        "preShow": false,
        "sc": 0,
        "globalReleased": false,
        "wish": 21823,
        "rt": "2020-02-08",
        "showst": 1,
        "wishst": 0,
        "comingTitle": "2月8日 周六"
    },
    {
        "id": 1283507,
        "haspromotionTag": false,
        "img": "http://p0.meituan.net/w.h/moviemachine/5d83f339e42875108a2c0f39580c8fdb118115.jpg",
        "version": "",
        "nm": "半条被子",
        "preShow": false,
        "sc": 0,
        "globalReleased": false,
        "wish": 451,
        "star": "万斯佳,李凤鸣,李嘉明",
        "rt": "2020-02-08",
        "showst": 1,
        "wishst": 0,
        "comingTitle": "2月8日 周六"
    },
    {
        "id": 1218157,
        "haspromotionTag": false,
        "img": "http://p1.meituan.net/w.h/moviemachine/cf4214c958bf8ac49fd7406016ecdee23939638.jpg",
        "version": "",
        "nm": "乔乔的异想世界",
        "preShow": false,
        "sc": 0,
        "globalReleased": false,
        "wish": 4652,
        "star": "罗曼·格里芬·戴维斯,托马辛·麦肯齐,斯嘉丽·约翰逊",
        "rt": "2020-02-12",
        "showst": 1,
        "wishst": 0,
        "comingTitle": "2月12日 周三"
    },
    {
        "id": 489894,
        "haspromotionTag": false,
        "img": "http://p0.meituan.net/w.h/movie/57670d40ec61db53962f61603e5b360b770739.jpg",
        "version": "",
        "nm": "我在时间尽头等你",
        "preShow": false,
        "sc": 0,
        "globalReleased": false,
        "wish": 55267,
        "star": "李鸿其,李一桐,范伟",
        "rt": "2020-02-14",
        "showInfo": "2020-02-14上映",
        "showst": 4,
        "wishst": 0,
        "comingTitle": "2月14日 周五"
    },
    {
        "id": 1230199,
        "haspromotionTag": false,
        "img": "http://p0.meituan.net/w.h/moviemachine/1ea42f2c512dc3e235dc6acc8ad426962102287.jpg",
        "version": "",
        "nm": "小妇人",
        "preShow": false,
        "sc": 0,
        "globalReleased": false,
        "wish": 34866,
        "star": "西尔莎·罗南,艾玛·沃特森,佛罗伦斯·珀",
        "rt": "2020-02-14",
        "showst": 1,
        "wishst": 0,
        "comingTitle": "2月14日 周五"
    },
    {
        "id": 342485,
        "haspromotionTag": false,
        "img": "http://p1.meituan.net/w.h/moviemachine/1c5f6661ceb721d741d5335cf2ecfce2257594.jpg",
        "version": "",
        "nm": "抵达之谜",
        "preShow": false,
        "sc": 0,
        "globalReleased": false,
        "wish": 30878,
        "star": "李现,董博睿,顾璇",
        "rt": "2020-02-14",
        "showst": 1,
        "wishst": 0,
        "comingTitle": "2月14日 周五"
    },
    {
        "id": 1282454,
        "haspromotionTag": false,
        "img": "http://p1.meituan.net/w.h/movie/258bfc30cec1e20070697ab090dfcc052620540.jpg",
        "version": "",
        "nm": "血鲨",
        "preShow": false,
        "sc": 0,
        "globalReleased": false,
        "wish": 24074,
        "star": "方力申,周韦彤,沈孟生",
        "rt": "2020-02-14",
        "showst": 1,
        "wishst": 0,
        "comingTitle": "2月14日 周五"
    },
    {
        "id": 1286060,
        "haspromotionTag": false,
        "img": "http://p0.meituan.net/w.h/movie/077f41ce44d059a01288e0d7bf704f9f1642095.jpg",
        "version": "",
        "nm": "玩命三日",
        "preShow": false,
        "sc": 0,
        "globalReleased": false,
        "wish": 23610,
        "star": "张嘉译,闫妮,姜妍",
        "rt": "2020-02-14",
        "showst": 1,
        "wishst": 0,
        "comingTitle": "2月14日 周五"
    },
    {
        "id": 1241850,
        "haspromotionTag": false,
        "img": "http://p1.meituan.net/w.h/moviemachine/e1310fb4b0e0a98775acd6cd192808f6589939.jpg",
        "version": "",
        "nm": "海兽之子",
        "preShow": false,
        "sc": 0,
        "globalReleased": false,
        "wish": 11977,
        "star": "芦田爱菜,浦上晟周,森崎温",
        "rt": "2020-02-14",
        "showst": 1,
        "wishst": 0,
        "comingTitle": "2月14日 周五"
    },
    {
        "id": 1218159,
        "haspromotionTag": false,
        "img": "http://p1.meituan.net/w.h/moviemachine/77bf90e494f3f1a823c742452d7fea551277670.jpg",
        "version": "",
        "nm": "荞麦疯长",
        "preShow": false,
        "sc": 0,
        "globalReleased": false,
        "wish": 11101,
        "star": "马思纯,钟楚曦,黄景瑜",
        "rt": "2020-02-14",
        "showst": 1,
        "wishst": 0,
        "comingTitle": "2月14日 周五"
    },
    {
        "id": 1301478,
        "haspromotionTag": false,
        "img": "http://p0.meituan.net/w.h/moviemachine/de79b18ca89d0db1a8ef783a2e09655c530186.png",
        "version": "",
        "nm": "北平会馆",
        "preShow": false,
        "sc": 0,
        "globalReleased": false,
        "wish": 6970,
        "star": "吴大可,朱梓瑜,刘亦彤",
        "rt": "2020-02-14",
        "showst": 1,
        "wishst": 0,
        "comingTitle": "2月14日 周五"
    },
    {
        "id": 1211447,
        "haspromotionTag": false,
        "img": "http://p0.meituan.net/w.h/movie/aa61bd5809e99ff9b23e6276cf665bc92030231.jpg",
        "version": "",
        "nm": "肥龙过江",
        "preShow": false,
        "sc": 0,
        "globalReleased": false,
        "wish": 3408,
        "star": "甄子丹,毛舜筠,周丽淇",
        "rt": "2020-02-14",
        "showst": 1,
        "wishst": 0,
        "comingTitle": "2月14日 周五"
    },
    {
        "id": 1262218,
        "haspromotionTag": false,
        "img": "http://p0.meituan.net/w.h/movie/1211a74c768d8840ca04368396d5c7051130779.jpg",
        "version": "",
        "nm": "我的12个情人劫",
        "preShow": false,
        "sc": 0,
        "globalReleased": false,
        "wish": 2788,
        "star": "高晓攀,吉丽,曾江",
        "rt": "2020-02-14",
        "showst": 1,
        "wishst": 0,
        "comingTitle": "2月14日 周五"
    },
    {
        "id": 1301612,
        "haspromotionTag": false,
        "img": "http://p1.meituan.net/w.h/moviemachine/5abd9fa1ab51da3ff81f52c97e6f9f7076364.jpg",
        "version": "",
        "nm": "今生只为遇见你",
        "preShow": false,
        "sc": 0,
        "globalReleased": false,
        "wish": 2319,
        "star": "田志斌,于苏桐,何海蓝",
        "rt": "2020-02-14",
        "showst": 1,
        "wishst": 0,
        "comingTitle": "2月14日 周五"
    },
    {
        "id": 345644,
        "haspromotionTag": false,
        "img": "http://p1.meituan.net/w.h/movie/6f2e2ea0577c7376072d01b539619a1d79821.jpg",
        "version": "",
        "nm": "画个圈圈",
        "preShow": false,
        "sc": 0,
        "globalReleased": false,
        "wish": 1309,
        "star": "郭品超,杨恭如,于荣光",
        "rt": "2020-02-14",
        "showst": 1,
        "wishst": 0,
        "comingTitle": "2月14日 周五"
    },
    {
        "id": 1302492,
        "haspromotionTag": false,
        "img": "http://p1.meituan.net/w.h/moviemachine/252beb766a4b430cc26bc45126602025937819.jpg",
        "version": "",
        "nm": "格萨尔藏戏",
        "preShow": false,
        "sc": 0,
        "globalReleased": false,
        "wish": 65,
        "star": "落周求吉尼玛,阿吾尼玛本,彭措吉",
        "rt": "2020-02-15",
        "showst": 1,
        "wishst": 0,
        "comingTitle": "2月15日 周六"
    },
    {
        "id": 1301543,
        "haspromotionTag": false,
        "img": "http://p1.meituan.net/w.h/moviemachine/977fd444b2bfebb35bfc5c2b077d3a8f317217.jpg",
        "version": "",
        "nm": "父亲的回忆",
        "preShow": false,
        "sc": 0,
        "globalReleased": false,
        "wish": 474,
        "star": "明学文,明子凯,明子琪",
        "rt": "2020-02-17",
        "showst": 1,
        "wishst": 0,
        "comingTitle": "2月17日 周一"
    }
]