[
    {
        "id": 1217023,
        "img": "http://p0.meituan.net/w.h/movie/b0e0d6ce9914f37e7f9f6ade13e096342721150.jpg",
        "wish": 1782276,
        "wishst": 0,
        "nm": "唐人街探案3",
        "comingTitle": "1月25日 周六"
    },
    {
        "id": 1211269,
        "img": "http://p0.meituan.net/w.h/movie/3dc44919f0917b5823c867813f29fba42625689.jpg",
        "wish": 740380,
        "wishst": 0,
        "nm": "姜子牙",
        "comingTitle": "1月25日 周六"
    },
    {
        "id": 1250696,
        "img": "http://p0.meituan.net/w.h/movie/81c3e34d684408383e4022dadfd7f269923526.jpg",
        "wish": 443202,
        "wishst": 0,
        "nm": "囧妈",
        "comingTitle": "1月25日 周六"
    },
    {
        "id": 461076,
        "img": "http://p0.meituan.net/w.h/moviemachine/c535075d2e8d90f472eee3540df3d8495119065.jpg",
        "wish": 386647,
        "wishst": 0,
        "nm": "紧急救援",
        "comingTitle": "1月25日 周六"
    },
    {
        "id": 1217123,
        "img": "http://p0.meituan.net/w.h/moviemachine/6d175dd08812a4ff3f048f7b7e4ed449405105.jpg",
        "wish": 322725,
        "wishst": 0,
        "nm": "夺冠",
        "comingTitle": "1月25日 周六"
    },
    {
        "id": 1216053,
        "img": "http://p1.meituan.net/w.h/movie/71b7a12c075f891c3ca75f32e91dff7f491189.jpg",
        "wish": 151257,
        "wishst": 0,
        "nm": "急先锋",
        "comingTitle": "1月25日 周六"
    },
    {
        "id": 1298938,
        "img": "http://p0.meituan.net/w.h/moviemachine/ea2f020406b22f6c66a1004087f434e051195.jpg",
        "wish": 135311,
        "wishst": 0,
        "nm": "熊出没·狂野大陆",
        "comingTitle": "1月25日 周六"
    },
    {
        "id": 489894,
        "img": "http://p0.meituan.net/w.h/movie/57670d40ec61db53962f61603e5b360b770739.jpg",
        "wish": 55259,
        "wishst": 0,
        "nm": "我在时间尽头等你",
        "comingTitle": "2月14日 周五"
    },
    {
        "id": 342867,
        "img": "http://p0.meituan.net/w.h/movie/85a5717821e7b4a848533c3494cc06202048234.jpg",
        "wish": 49871,
        "wishst": 0,
        "nm": "源·彩虹",
        "comingTitle": "1月25日 周六"
    },
    {
        "id": 1233316,
        "img": "http://p1.meituan.net/w.h/movie/3ac5a0f8be92e9a212ff85172f1146814188075.jpg",
        "wish": 36201,
        "wishst": 0,
        "nm": "忠爱无言2",
        "comingTitle": "3月20日 周五"
    }
]